headline,source
Celtics take control of series with Game 4 win vs. Cavaliers,ESPN
OpenAI's new voice assistant ChatGPT-4o smokes Apple's Siri,Business Insider
Avalanche’s Nichushkin placed in stage 3 of NHL,NHLPA.com
Bumble Is Removing Anti-Celibacy Ads Following Backlash,The Wall Street Journal
Melinda French Gates resigns from Bill & Melinda Gates Foundation,The Seattle Times
Avalanche’s Nichushkin placed in stage 3 of NHL,NHLPA.com
First M2 iPad Air reviews call it 'the iPad to get',9to5Mac
"SpaceX Starship's next launch 'probably 3 to 5 weeks' away, Elon Musk says",Space.com
Anti-pasteurization crowd reaffirms love of raw milk despite bird flu outbreak,Ars Technica
"Russia-Ukraine war: Army locked in 'fierce' border battles amid Russian assault, Zelenskyy says",The Associated Press
Avalanche’s Nichushkin placed in stage 3 of NHL,NHLPA.com
KP.2 is now the dominant COVID variant. Experts say US may see a summer increase in cases,ABC News
Anti-pasteurization crowd reaffirms love of raw milk despite bird flu outbreak,Ars Technica
KP.2 is now the dominant COVID variant. Experts say US may see a summer increase in cases,ABC News
Kelly Clarkson Addresses Ozempic Rumors After Losing Weight,E! NEWS
Avalanche’s Nichushkin placed in stage 3 of NHL,NHLPA.com
Bumble Is Removing Anti-Celibacy Ads Following Backlash,The Wall Street Journal
Sam Rubin’s Son Colby Shares Touching Tribute To His Dad On KTLA Morning News,Deadline
Exclusive: Cowboys will face Browns in Week 1 to mark Tom Brady's FOX Sports debut,FOX Sports
Putin taps economist Andrei Belousov to lead defense ministry in wartime,The Washington Post
Melinda French Gates resigns from Bill & Melinda Gates Foundation,The Seattle Times
Melinda French Gates resigns from Bill & Melinda Gates Foundation,The Seattle Times
Anti-pasteurization crowd reaffirms love of raw milk despite bird flu outbreak,Ars Technica
Sam Rubin’s Son Colby Shares Touching Tribute To His Dad On KTLA Morning News,Deadline
KP.2 is now the dominant COVID variant. Experts say US may see a summer increase in cases,ABC News
"Archegos' Bill Hwang lied to become Wall Street legend, causing $36B fund to collapse: prosecutors",New York Post
Anti-pasteurization crowd reaffirms love of raw milk despite bird flu outbreak,Ars Technica
Kelly Clarkson Addresses Ozempic Rumors After Losing Weight,E! NEWS
"Ripple Effects of Jared Goff Contract on Dak Prescott, More NFL QB Extension Talks",Bleacher Report
OpenAI's new voice assistant ChatGPT-4o smokes Apple's Siri,Business Insider
Bradley Cooper and Gigi Hadid Kiss During Taylor Swift's Eras Tour Show in Paris,Entertainment Tonight
Sam Rubin’s Son Colby Shares Touching Tribute To His Dad On KTLA Morning News,Deadline
Bradley Cooper and Gigi Hadid Kiss During Taylor Swift's Eras Tour Show in Paris,Entertainment Tonight
"What the results of Wegovy’s longest clinical trial yet show about weight loss, side effects and heart protection",CNN
"SpaceX Starship's next launch 'probably 3 to 5 weeks' away, Elon Musk says",Space.com
OpenAI's new voice assistant ChatGPT-4o smokes Apple's Siri,Business Insider
First M2 iPad Air reviews call it 'the iPad to get',9to5Mac
Celtics take control of series with Game 4 win vs. Cavaliers,ESPN
"Archegos' Bill Hwang lied to become Wall Street legend, causing $36B fund to collapse: prosecutors",New York Post
Putin taps economist Andrei Belousov to lead defense ministry in wartime,The Washington Post
"Ripple Effects of Jared Goff Contract on Dak Prescott, More NFL QB Extension Talks",Bleacher Report
"Ripple Effects of Jared Goff Contract on Dak Prescott, More NFL QB Extension Talks",Bleacher Report
Anti-pasteurization crowd reaffirms love of raw milk despite bird flu outbreak,Ars Technica
"What the results of Wegovy’s longest clinical trial yet show about weight loss, side effects and heart protection",CNN
Celtics take control of series with Game 4 win vs. Cavaliers,ESPN
Bradley Cooper and Gigi Hadid Kiss During Taylor Swift's Eras Tour Show in Paris,Entertainment Tonight
Melinda French Gates resigns from Bill & Melinda Gates Foundation,The Seattle Times
Bumble Is Removing Anti-Celibacy Ads Following Backlash,The Wall Street Journal
Apple Stock: iPhone Maker Close To Deal With OpenAI,Investor's Business Daily
"Archegos' Bill Hwang lied to become Wall Street legend, causing $36B fund to collapse: prosecutors",New York Post
"Archegos' Bill Hwang lied to become Wall Street legend, causing $36B fund to collapse: prosecutors",New York Post
Three inmates charged with killing crime boss 'Whitey' Bulger enter plea agreement,NBC News
KP.2 is now the dominant COVID variant. Experts say US may see a summer increase in cases,ABC News
OpenAI's new voice assistant ChatGPT-4o smokes Apple's Siri,Business Insider
Exclusive: Cowboys will face Browns in Week 1 to mark Tom Brady's FOX Sports debut,FOX Sports
Sam Rubin’s Son Colby Shares Touching Tribute To His Dad On KTLA Morning News,Deadline
Bradley Cooper and Gigi Hadid Kiss During Taylor Swift's Eras Tour Show in Paris,Entertainment Tonight
Kelly Clarkson Addresses Ozempic Rumors After Losing Weight,E! NEWS
Three inmates charged with killing crime boss 'Whitey' Bulger enter plea agreement,NBC News
Three inmates charged with killing crime boss 'Whitey' Bulger enter plea agreement,NBC News
Celtics take control of series with Game 4 win vs. Cavaliers,ESPN
"Russia-Ukraine war: Army locked in 'fierce' border battles amid Russian assault, Zelenskyy says",The Associated Press
Melinda French Gates resigns from Bill & Melinda Gates Foundation,The Seattle Times
Avalanche’s Nichushkin placed in stage 3 of NHL,NHLPA.com
"Russia-Ukraine war: Army locked in 'fierce' border battles amid Russian assault, Zelenskyy says",The Associated Press
"What the results of Wegovy’s longest clinical trial yet show about weight loss, side effects and heart protection",CNN
Three inmates charged with killing crime boss 'Whitey' Bulger enter plea agreement,NBC News
Three inmates charged with killing crime boss 'Whitey' Bulger enter plea agreement,NBC News
Melinda French Gates resigns from Bill & Melinda Gates Foundation,The Seattle Times
First M2 iPad Air reviews call it 'the iPad to get',9to5Mac
"Ripple Effects of Jared Goff Contract on Dak Prescott, More NFL QB Extension Talks",Bleacher Report
First M2 iPad Air reviews call it 'the iPad to get',9to5Mac
OpenAI's new voice assistant ChatGPT-4o smokes Apple's Siri,Business Insider
Celtics take control of series with Game 4 win vs. Cavaliers,ESPN
Apple Stock: iPhone Maker Close To Deal With OpenAI,Investor's Business Daily
Exclusive: Cowboys will face Browns in Week 1 to mark Tom Brady's FOX Sports debut,FOX Sports
Anti-pasteurization crowd reaffirms love of raw milk despite bird flu outbreak,Ars Technica
Sam Rubin’s Son Colby Shares Touching Tribute To His Dad On KTLA Morning News,Deadline
Bumble Is Removing Anti-Celibacy Ads Following Backlash,The Wall Street Journal
"SpaceX Starship's next launch 'probably 3 to 5 weeks' away, Elon Musk says",Space.com
Avalanche’s Nichushkin placed in stage 3 of NHL,NHLPA.com
"SpaceX Starship's next launch 'probably 3 to 5 weeks' away, Elon Musk says",Space.com
Putin taps economist Andrei Belousov to lead defense ministry in wartime,The Washington Post
Bumble Is Removing Anti-Celibacy Ads Following Backlash,The Wall Street Journal
"Ripple Effects of Jared Goff Contract on Dak Prescott, More NFL QB Extension Talks",Bleacher Report
Melinda French Gates resigns from Bill & Melinda Gates Foundation,The Seattle Times
First M2 iPad Air reviews call it 'the iPad to get',9to5Mac
"What the results of Wegovy’s longest clinical trial yet show about weight loss, side effects and heart protection",CNN
Three inmates charged with killing crime boss 'Whitey' Bulger enter plea agreement,NBC News
Three inmates charged with killing crime boss 'Whitey' Bulger enter plea agreement,NBC News
"Archegos' Bill Hwang lied to become Wall Street legend, causing $36B fund to collapse: prosecutors",New York Post
Apple Stock: iPhone Maker Close To Deal With OpenAI,Investor's Business Daily
Bumble Is Removing Anti-Celibacy Ads Following Backlash,The Wall Street Journal
Apple Stock: iPhone Maker Close To Deal With OpenAI,Investor's Business Daily
"Russia-Ukraine war: Army locked in 'fierce' border battles amid Russian assault, Zelenskyy says",The Associated Press
Bradley Cooper and Gigi Hadid Kiss During Taylor Swift's Eras Tour Show in Paris,Entertainment Tonight
Celtics take control of series with Game 4 win vs. Cavaliers,ESPN
Three inmates charged with killing crime boss 'Whitey' Bulger enter plea agreement,NBC News
Bumble Is Removing Anti-Celibacy Ads Following Backlash,The Wall Street Journal
Exclusive: Cowboys will face Browns in Week 1 to mark Tom Brady's FOX Sports debut,FOX Sports
Sam Rubin’s Son Colby Shares Touching Tribute To His Dad On KTLA Morning News,Deadline
"SpaceX Starship's next launch 'probably 3 to 5 weeks' away, Elon Musk says",Space.com
Apple Stock: iPhone Maker Close To Deal With OpenAI,Investor's Business Daily
"Russia-Ukraine war: Army locked in 'fierce' border battles amid Russian assault, Zelenskyy says",The Associated Press
"What the results of Wegovy’s longest clinical trial yet show about weight loss, side effects and heart protection",CNN
"What the results of Wegovy’s longest clinical trial yet show about weight loss, side effects and heart protection",CNN
Kelly Clarkson Addresses Ozempic Rumors After Losing Weight,E! NEWS
Apple Stock: iPhone Maker Close To Deal With OpenAI,Investor's Business Daily
Exclusive: Cowboys will face Browns in Week 1 to mark Tom Brady's FOX Sports debut,FOX Sports
First M2 iPad Air reviews call it 'the iPad to get',9to5Mac
Apple Stock: iPhone Maker Close To Deal With OpenAI,Investor's Business Daily
"SpaceX Starship's next launch 'probably 3 to 5 weeks' away, Elon Musk says",Space.com
Kelly Clarkson Addresses Ozempic Rumors After Losing Weight,E! NEWS
Bradley Cooper and Gigi Hadid Kiss During Taylor Swift's Eras Tour Show in Paris,Entertainment Tonight
"SpaceX Starship's next launch 'probably 3 to 5 weeks' away, Elon Musk says",Space.com
Bumble Is Removing Anti-Celibacy Ads Following Backlash,The Wall Street Journal
"Archegos' Bill Hwang lied to become Wall Street legend, causing $36B fund to collapse: prosecutors",New York Post
KP.2 is now the dominant COVID variant. Experts say US may see a summer increase in cases,ABC News
Sam Rubin’s Son Colby Shares Touching Tribute To His Dad On KTLA Morning News,Deadline
Exclusive: Cowboys will face Browns in Week 1 to mark Tom Brady's FOX Sports debut,FOX Sports
Kelly Clarkson Addresses Ozempic Rumors After Losing Weight,E! NEWS
"Archegos' Bill Hwang lied to become Wall Street legend, causing $36B fund to collapse: prosecutors",New York Post
Celtics take control of series with Game 4 win vs. Cavaliers,ESPN
Putin taps economist Andrei Belousov to lead defense ministry in wartime,The Washington Post
Anti-pasteurization crowd reaffirms love of raw milk despite bird flu outbreak,Ars Technica
Exclusive: Cowboys will face Browns in Week 1 to mark Tom Brady's FOX Sports debut,FOX Sports
Bradley Cooper and Gigi Hadid Kiss During Taylor Swift's Eras Tour Show in Paris,Entertainment Tonight
Avalanche’s Nichushkin placed in stage 3 of NHL,NHLPA.com
